year,id,Growth,IE,IH,Debt,FDI,INF,POP,TOP,UR,EXR,GR
2000,1,8.14996793,10.13703,51.814198,63.376463,3.9893208,0.050018135,-0.723,61.60926,16.8,0.00701066,-1.1093724
2001,1,9.89019357,10.58193,49.128193,60.609729,5.1070886,3.1075883,-0.43,64.247444,16.4,0.00732332,-1.1093724
2002,1,4.94262296,9.88692,50.85527,64.097401,2.9900312,7.770526,-0.452,65.99146,4.615,0.00747719,-0.6571054
2003,1,5.72810598,10.5736,49.916485,60.239905,3.0686872,0.48400262,-0.572,64.82321,15.175,0.00938262,-0.6637265
2004,1,5.70712308,10.70316,48.34204,57.472884,4.607823,2.2800193,-0.678,65.03794,14.75,0.01079447,-0.4499559
2005,1,5.67025028,11.35797,49.311012,58.199553,3.1789982,2.366582,-0.779,69.116295,14.275,0.00965437,-0.6979427
2006,1,6.6899814,10.93295,49.048504,56.690318,3.553219,2.3707283,-0.876,72.20191,13.905,0.01062248,-0.6153929
2007,1,7.30798263,11.17719,49.40165,53.550124,5.8674035,2.9326825,-0.963,79.9119,13.36,0.01206418,-0.5171955
2008,1,7.73056161,10.66884375,56.23107,55.140209,9.406653,3.3208709,-1.029,75.24855,12.75,0.01137527,-0.4824716
2009,1,3.3851154,10.66884375,56.533817,59.670183,10.90682,2.266922,-1.084,73.32136,13.5625,0.01043732,-0.2900014
2010,1,3.48564809,10.66884375,59.96681,57.710251,9.01745,3.627101,-1.141,75.53253,13.73,0.00961538,-0.2964483
2011,1,2.73953256,10.967223,59.84097,59.399813,8.083293,3.4280713,-0.035,80.699,13.35,0.00929887,-0.2490677
2012,1,2.55453867,11.509857,58.212578,62.119953,7.495975,2.0315926,-0.068,76.96836,13.374,0.00944733,-0.3393566
2013,1,3.28889031,12.12391,57.728825,65.53,9.800359,1.9376208,-0.099,75.75062,15.89425,0.0098174,-0.3564184
2014,1,3.83017023,10.918168,59.18069,70.03,8.648466,1.6258651,-0.164,75.0212,18.09825,0.0086783,0.0801175
2015,1,3.81743447,11.17755,57.340702,72.670075,8.627406,1.8961741,-0.189,71.27945,17.191,0.00794976,0.1835585
2016,1,5.52482598,13.59696,56.51748,72.380043,8.7114725,1.2754316,0.136,74.01445,15.42275,0.00780214,0.1974461
2017,1,4.88935288,12.38521,57.18074,70.119933,7.714113,1.9866613,-0.11,76.787384,13.62025,0.0090009,0.256049
2018,1,5.2835795,10.881732,56.414616,67.610016,7.8310914,2.0280597,-0.167,75.69408,12.30425,0.00927472,0.2684643
2019,1,3.64975808,13.4334,56.412224,65.729866,7.7062144,1.4110907,-0.472,75.382126,11.46775,0.00920471,0.0266494
2020,1,-1.81016536,10.26743,59.396133,74.299952,7.0186515,1.6208866,-0.435,59.5207,11.64125,0.0099167,0.0187103
2021,1,10.66414943,9.40901,59.704235,74.488915,6.7579145,2.0414717,-1.128,75.5904,11.477,0.00938615,0.1116368
2022,1,6.45698822,9.01409,48.336193,64.461863,7.5793405,6.7252026,-0.421,84.698044,10.787,0.00934143,0.1929668
2023,1,5.73967838,10.85658,48.274628,59.130149,6.9003696,4.7583456,-0.711,82.35249,10.66925,0.01064509,0.293429
2000,2,10.19102927,21.11908,68.60763,13.133244,2.4643745,1.805003,0.976,78.54857,11.778,1.09529025,-1.3849617
2001,2,9.05182204,20.87755,69.62221,12.954323,14.359392,1.5471959,0.899,78.815186,10.913,1.04712042,-1.3849617
2002,2,8.62535107,13.63072,72.33947,11.885189,32.4655,2.7711647,0.895,92.818146,10.037,1.02186797,-1.1844661
2003,2,9.37646036,15.17084,69.06076,10.658918,55.072876,2.233865,0.884,107.55195,9.166,1.01564087,-1.1894435
2004,2,8.30153848,14.23504,65.92002,9.70998,54.36505,6.7089305,1.23,121.50712,7.987,1.01978381,-1.0690396
2005,2,26.66009477,13.22315,59.336258,6.854655,33.7958,9.679507,1.283,115.84188,7.256,1.08861311,-0.9041952
2006,2,32.99706658,10.10042,56.284267,5.296648,21.38014,8.328925,1.354,105.2624,6.615,1.14757861,-0.8634636
2007,2,24.04867876,9.77937,52.60792,4.003318,13.901103,16.699755,1.313,96.64181,6.326,1.18301195,-0.8094255
2008,2,8.29339096,7.76384,56.540623,3.220765,8.161108,20.849087,1.26,89.2429,5.713,1.24843945,-0.8223916
2009,2,7.12223856,9.34393,57.89491,4.726182,6.5474625,1.4570484,1.047,74.74404,5.75375,1.24517495,-0.7260011
2010,2,3.54945544,8.70084,60.27914,4.980866,6.337255,5.7268724,1.163,74.985985,5.67325,1.25328989,-0.8597442
2011,2,-2.84718269,7.21986,62.140583,4.966864,6.8005,7.858333,1.213,80.50804,5.5225,1.27145582,-0.7958644
2012,2,0.85388595,5.64367,62.979904,5.830602,7.5965185,1.0662134,1.363,78.26307,5.27525,1.27388535,-0.8083243
2013,2,4.48320317,6.46413,66.25044,6.178836,3.532116,2.4157174,1.354,74.67584,5.06,1.27469726,-0.6064243
2014,2,1.52243136,7.23873,67.54848,8.532624,5.8884616,1.3734418,1.296,69.48322,4.939,1.27485977,-0.4254637
2015,2,-0.14702476,7.62711,69.128716,17.980392,7.6260686,4.0276856,1.216,72.60151,4.87825,0.64127228,-0.3537252
2016,2,-4.14117487,8.19578,70.02904,20.608326,11.882817,12.443375,1.14,90.07732,4.977,0.5647484,-0.1263081
2017,2,-0.82434847,6.95456,71.84921,22.508608,7.016696,12.935919,0.879,90.40231,5,0.58820069,-0.1355348
2018,2,0.62488437,7.39965,73.386055,18.685387,2.9779758,2.2685468,0.547,91.67258,4.9,0.58823529,-0.1558709
2019,2,1.61582943,9.76757,71.34141,17.656008,3.1218305,2.6105719,0.855,85.818146,5.004,0.58823529,-0.0555998
2020,2,-4.85235141,10.78785,57.828125,21.327232,1.1879039,2.7598095,0.551,72.01787,7.243,0.58823529,-0.0570333
2021,2,5.15148936,11.50882,66.03177,26.348773,-3.1147344,6.650299,0.481,76.286865,6.039,0.58823529,-0.0569923
2022,2,4.67331797,11.63961,66.25884,17.324126,-5.677737,13.852259,0.706,86.98228,5.7,0.58823529,-0.0543532
2023,2,1.23267993,11.18455,64.632065,21.806829,0.34908372,8.785431,-0.26,83.53589,6.598086957,0.58823529,0.0656316
2000,3,3.38671359,20.49042,61.822067,31.195414,0.5253621,2.2082562,1.75,29.321714,3.27,0.01851852,-0.8710785
2001,3,3.34027882,18.58478,65.805305,37.071302,0.1454439,2.0071738,1.585,32.09802,3.609,0.01754386,-0.8710785
2002,3,2.24286058,15.6938,62.935337,38.90046,0.09557937,3.3325648,1.503,28.96738,3.966,0.01727116,-0.8543124
2003,3,3.22632478,16.68163,63.01078,37.043651,0.4459608,5.668708,1.409,27.657885,4.32,0.0170121,-1.0668967
2004,3,3.81635685,15.95312,63.095577,36.584831,0.6894723,7.5875363,1.315,26.858234,4.316,0.01646299,-0.906057
2005,3,5.20131369,17.48075,65.38332,35.558062,1.1706517,7.046618,1.207,34.396935,4.25,0.01510346,-0.894647
2006,3,5.44042881,17.33653,65.63786,35.331836,0.6358639,6.765261,1.116,38.111923,3.591,0.01447909,-0.9439661
2007,3,5.91320276,18.1534,66.41324,34.988674,0.81775695,9.106985,1.036,39.942383,4.015,0.01458234,-0.8728241
2008,3,4.9605717,17.81619,67.83095,33.869933,1.4496579,8.901945,0.962,42.620914,4.49,0.01450958,-0.844899
2009,3,4.07076422,14.02987,67.943474,33.009655,0.87951714,5.4234724,0.902,40.092796,5,0.01443695,-0.8145983
2010,3,4.65046297,16.79397,67.955154,29.62266,1.0689677,8.126677,0.851,37.80284,3.379,0.01413434,-0.8070768
2011,3,5.50150328,15.74512,68.17605,29.393018,0.9833994,11.395165,0.966,47.42085,3.737,0.01221704,-0.8372577
2012,3,5.5054802,14.03465,68.279396,29.078029,1.1885039,6.217504,0.951,48.110924,4.07,0.0125235,-0.7988014
2013,3,5.0234184,13.306328,69.62186,28.343995,1.7353201,7.5304065,0.926,46.296402,4.426,0.01286174,-0.7739057
2014,3,5.0990546,12.044103,70.75863,28.682664,1.468703,6.9916387,0.897,44.51408,4.417,0.01282884,-0.6851605
2015,3,5.6044954,11.04945,72.67827,28.205819,1.4507824,6.19428,0.891,42.085995,4.397,0.0127388,-0.6547007
2016,3,6.1618156,14.245172,71.49494,27.719823,0.87952834,5.513526,0.894,31.33415,4.35,0.01270613,-0.5337691
2017,3,5.68710307,8.73295,70.08964,28.306012,0.61634177,5.70207,0.808,29.999731,4.372,0.0120919,-0.573203
2018,3,6.44197495,15.030703,70.67902,29.552905,0.75354916,5.5436215,0.833,32.514633,4.439,0.01191895,-0.6193938
2019,3,6.972644,12.769976,76.47038,31.951374,0.5432441,5.591996,0.859,31.578054,4.504,0.01177856,-0.5970582
2020,3,2.58647817,12.404044,76.988785,34.50939,0.4078599,5.691075,0.813,26.271448,5.539,0.01179245,-0.7213698
2021,3,6.07069417,13.0012245,76.14752,35.61444,0.41411814,5.5456543,0.816,27.724005,5.457,0.01165501,-0.5638994
2022,3,6.00847463,11.993016,78.25326,37.862604,0.34796003,7.6969543,1.23,33.77997,4.593,0.01010101,-0.62345
2023,3,4.49070409,11.883438,79.30711,39.269668,0.33936122,9.883503,1.214,30.982971,3.352,0.00909091,-0.5574534
2000,4,2.6504315,13.5132,54.910244,39.591941,-0.36349076,4.1654043,3.065,47.348152,0.864,0.00141854,-0.7956793
2001,4,2.16452439,15.31058,49.055397,37.986511,0.45658818,3.9842954,3.044,48.25717,0.766,0.00134353,-0.7956793
2002,4,1.50964026,14.12908,51.76609,30.768042,-0.4624234,2.4891624,3.036,43.76842,0.69,0.00159873,-0.6357049
2003,4,0.33697651,16.68253,51.675316,23.380852,0.19887035,1.4872425,3.062,41.61623,0.747,0.00192543,-0.6449496
2004,4,1.28077994,19.21395,48.58202,21.50953,-0.6586886,0.8738908,3.062,39.902973,0.79,0.00207651,-0.4463045
2005,4,-1.51043339,18.79039,46.525253,26.978139,-0.13382037,5.364521,3.374,39.095932,0.859,0.00179844,-0.6133987
2006,4,0.7500897,19.70961,45.665,8.366122,-0.17576467,3.782177,2.875,39.7747,0.888,0.00200775,-0.6931451
2007,4,2.9001757,14.94869,48.27829,14.285904,1.7038697,1.2980682,3.033,49.113785,0.902,0.0022442,-0.6041193
2008,4,1.7764707,19.08858,44.000034,18.306656,0.49256298,7.9472985,3.007,47.77536,0.895,0.00212163,-0.5327602
2009,4,-0.70374316,18.17562,42.442833,18.74768,-0.19312176,0.8960723,2.992,44.70263,0.95,0.00219618,-0.4612493
2010,4,-0.88824481,26.14396,43.390343,20.999765,0.56114477,2.2078354,2.977,51.43086,1.04,0.00203702,-0.4821387
2011,4,-0.05712302,25.02131,44.4867,21.860411,1.5084405,2.7042391,2.979,47.21703,2.647,0.00197254,-0.4467532
2012,4,1.74647753,22.34122,41.52768,19.540206,2.527058,6.7446823,2.957,50.736736,2.458,0.00201141,-0.5014158
2013,4,4.07666803,22.22771,42.584328,18.503746,2.8786376,0.4288889,2.941,59.20019,2.198,0.00210242,-0.5198363
2014,4,3.26077217,17.47952,46.494015,22.282075,3.05421,-0.54875755,2.969,65.26827,1.952,0.00185088,-0.4471044
2015,4,-1.18432044,18.7914,51.405647,30.90023,1.3150119,0.21878593,2.94,56.756313,1.886,0.00165971,-0.5410404
2016,4,0.36116614,19.87965,49.556225,35.92335,1.1148813,-0.79331017,2.91,58.986927,1.834,0.00160697,-0.4948066
2017,4,2.6704172,17.70918,47.9788,39.598463,1.581705,0.043264855,2.853,61.476597,1.691,0.00182832,-0.46663
2018,4,3.73701554,18.868116,49.222534,41.080351,1.3607358,0.91917074,2.775,61.795193,1.426,0.00174554,-0.362429
2019,4,3.98211327,15.720354,54.701054,41.229642,1.5162078,0.73284936,2.697,63.68133,1.214,0.00171261,-0.3133743
2020,4,1.12020265,14.774787,53.51109,46.142077,1.1093441,3.0227213,2.629,44.833233,1.518,0.0018707,-0.1887935
2021,4,4.41335435,14.99147,55.36502,50.288036,1.9560866,1.7335396,2.556,48.05486,1.833,0.00172664,-0.2018892
2022,4,3.58043408,15.797557,49.11422,54.186872,2.1577053,1.3507786,2.539,44.38159,1.685,0.00162602,-0.2149135
2023,4,3.70332513,17.96803,42.40532,54.903847,2.251581,2.7387009,2.507,44.66313,1.641,0.00168456,-0.216368
2000,5,2.96222045,9.65944,36.59222,62.645676,5.033917,7.0441413,1.337,22.639761,10.889,0.51161363,-0.161961
2001,5,0.07700052,9.65944,37.80703,66.265559,4.1475935,6.840359,1.27,26.936285,10.649,0.43110881,-0.161961
2002,5,1.78204308,8.42879,36.406197,74.976546,3.2535806,8.450165,1.213,27.618357,10.641,0.28308563,-0.0536477
2003,5,-0.04583283,9.249223333,35.47386,70.573579,1.8134006,14.71492,1.148,28.140385,11.168,0.34621244,-0.1177712
2004,5,4.57169367,10.01617,35.365837,67.073005,2.713532,6.597185,1.112,29.678253,10.072,0.37684655,-0.2171344
2005,5,2.07730834,10.69752,35.87644,66.262309,1.7338935,6.8695374,1.08,27.086796,10.551,0.42736869,-0.3449277
2006,5,2.86752084,11.44333,34.371265,63.952416,1.7531254,4.183568,1.037,26.0417,9.692,0.46790193,-0.378799
2007,5,5.00147016,12.32725,33.09412,62.451685,3.1908267,3.641273,0.988,25.292612,9.28,0.5648122,-0.3870143
2008,5,4.09221627,13.19997,30.884092,60.656016,2.990609,5.678594,0.928,27.25757,8.268,0.42804554,-0.1188332
2009,5,-1.01632362,13.47807,31.21032,63.807696,1.8884825,4.888035,0.863,22.105976,9.419,0.57458056,-0.0252665
2010,5,6.62782995,14.29501,29.385204,61.31878,3.7300122,5.038727,0.819,22.772179,8.42,0.59319018,-0.0076855
2011,5,3.13169854,14.57407,29.299585,59.341658,3.9151795,6.63645,0.809,23.934404,7.578,0.53798149,-0.0357455
2012,5,1.09733294,14.89487,29.68203,59.84949,3.7549622,5.403499,0.814,25.114273,7.251,0.48820973,-0.0055523
2013,5,2.17333081,14.67779,28.177069,57.228409,3.0415092,6.204311,0.807,25.785957,7.071,0.42484493,0.1384625
2014,5,-0.30316357,14.35914,28.180246,58.457271,3.5713527,6.32904,0.806,24.685406,6.755,0.37647767,-0.0203333
2015,5,-4.30639756,13.51146,24.70736,67.537554,3.5921497,9.029901,0.778,26.953627,8.538,0.25609506,-0.1018264
2016,5,-4.01012719,13.87611,24.420572,73.418816,4.1373787,8.739143,0.746,24.533682,11.58,0.30688967,-0.1005395
2017,5,0.58766893,14.26831,24.467934,78.608901,3.3382602,3.4463735,0.71,24.319735,12.792,0.3023523,-0.1049895
2018,5,1.0904086,13.78094,24.825294,80.359371,4.0785885,3.6648502,0.657,28.876204,12.329,0.2581178,-0.2064206
2019,5,0.56297084,13.85472,24.879847,82.683081,3.6926732,3.7329762,0.647,28.890259,11.936,0.2481328,0.0428329
2020,5,-3.83550547,12.49825,26.090864,90.941665,2.5926378,3.2117682,0.512,32.30208,13.697,0.19245203,-0.0873995
2021,5,4.31793162,13.61616,25.26789,84.50931,2.7797906,8.30166,0.339,37.65633,13.158,0.17921468,-0.0686134
2022,5,2.64631532,12.93401,27.251022,80.14664,3.868032,9.280107,0.381,38.816067,9.231,0.19167737,-0.2352194
2023,5,2.83370013,13.27911316,26.230707,80.54565,2.8638332,4.5935626,0.411,33.66623,7.947,0.20658169,-0.2666224
2000,6,5.10505581,9.27774,40.3757,71.50061,7.5608077,10.316262,-0.865,77.745705,16.218,0.47576003,-0.3193332
2001,6,5.91115813,9.27774,43.70613,65.296559,5.731627,7.3609395,-0.945,79.08137,19.921,0.45059253,-0.3193332
2002,6,8.19521661,9.65432,39.794395,51.477037,5.5151944,5.8101435,-0.739,75.26961,18.11,0.53050398,-0.0419982
2003,6,6.07406092,11.18025,38.06083,43.838522,9.916259,2.3486416,-0.73,79.013885,13.733,0.64574454,-0.0474568
2004,6,7.31740327,12.27918,39.20326,36.093398,11.746239,6.147131,-0.684,93.063896,12.037,0.69642733,-0.0150204
2005,6,7.86550187,12.07252,38.867413,27.086981,13.720479,5.038838,-0.725,99.71421,10.083,0.60317269,-0.0613293
2006,6,7.6168529,12.01048,42.647408,21.727965,22.90388,7.261595,-0.703,111.04746,8.951,0.67335533,-0.1664398
2007,6,7.44148608,11.11392,42.5927,17.072986,31.228624,8.4025345,-0.7,123.532555,6.878,0.75120192,-0.1576116
2008,6,6.87712698,12.61226,42.62919,13.842391,18.899763,12.34872,-0.657,124.68875,5.609,0.72082462,-0.2498712
2009,6,-2.7224164,12.65675,44.367344,14.957794,7.490157,2.7532022,-0.61,92.69264,6.817,0.73308408,-0.0587278
2010,6,2.22608185,11.16342,43.141342,17.019596,3.6356964,2.4389906,-0.742,103.38052,10.279,0.67897882,-0.2958077
2011,6,2.74691105,11.10005,44.463726,16.925927,3.6473002,4.2199035,-0.813,117.418106,11.26,0.66155067,-0.2805498
2012,6,1.33406575,10.69092,47.746807,18.511887,3.293199,2.9545684,-0.903,123.97132,12.27,0.67403613,-0.202198
2013,6,1.4836588,11.4398,41.862446,19.199919,3.5633578,0.89009356,-0.534,129.68869,12.941,0.70472163,-0.1532468
2014,6,2.18296571,11.31035,40.24094,29.152092,1.9158773,-1.4181838,-0.603,130.24838,11.424,0.62173589,-0.1542943
2015,6,4.72028599,10.40634,42.509937,27.594841,4.3757505,-0.104633264,-0.673,126.73664,9.143,0.55862801,-0.1097245
2016,6,4.37288142,11.65582,43.254715,30.978853,2.7599604,-0.7986499,-0.727,122.80551,7.575,0.53893829,-0.0689039
2017,6,4.1152402,12.73095,42.193844,26.897645,3.3925467,2.0615962,-0.732,129.63443,6.164,0.61319598,-0.0494362
2018,6,3.74323659,11.79003,39.328438,23.99384,2.7381785,2.8145447,-0.712,129.1665,5.211,0.58541154,-0.0244659
2019,6,5.26898075,11.70671,37.79554,21.925299,3.2423348,3.1037295,-0.696,125.26042,4.148,0.57438254,0.0359426
2020,6,-2.15683346,11.915,35.525288,29.7547071,3.9743426,1.672441,-0.506,110.4239,5.037,0.62739193,-0.0577386
2021,6,8.5472429,12.25271,33.72875,23.30354,2.5288413,3.2977443,-1.131,121.21409,5.166,0.57907233,-0.014807
2022,6,4.76332098,11.98185,35.075924,22.032664,5.2466154,15.325259,-0.366,138.84488,4.148,0.54534548,-0.0737381
2023,6,1.97332517,11.40343957,35.504307,22.343757,5.0588837,9.442842,-0.517,119.899506,4.319,0.56497175,0.1061571
2000,7,1.13442792,11.6837,78.474,75.881285,1.5114447,1.2271901,2.618,47.927944,7.533,0.00141854,-1.0516097
2001,7,1.61992408,15.73331,75.1047,62.181785,-0.10652671,4.4197726,2.634,51.57227,7.46,0.00134353,-1.0516097
2002,7,1.71295982,21.44202,70.18141,56.600057,4.0689845,2.8344226,2.727,48.481724,6.711,0.00159873,-1.2050191
2003,7,2.61581879,20.84712,71.51587,51.520638,2.0969439,0.6231636,2.728,40.24319,5.908,0.00192543,-1.2859289
2004,7,4.14782058,21.37761,73.89202,51.728419,0.36111805,0.23364738,2.766,41.83774,5.087,0.00207651,-1.048838
2005,7,-0.55041113,20.31266,74.33883,43.843273,1.2486084,2.0135396,2.746,44.99768,4.4,0.00179844,-1.0799827
2006,7,0.9951785,21.37934,74.35811,18.353767,0.28273955,5.117578,2.751,47.104435,3.729,0.00200775,-1.0844884
2007,7,1.440565,15.70061,75.56835,13.804404,0.7922907,0.9214022,2.86,53.21569,3.063,0.0022442,-0.9545798
2008,7,-0.05468435,19.77979,74.24559,11.153023,0.075754665,5.337806,2.865,56.924416,3.386,0.00212163,-0.894691
2009,7,-0.31833427,18.75389,76.76543,11.255649,2.6716695,3.0436184,2.865,42.176105,3.743,0.00219618,-0.8292826
2010,7,0.00013642,14.86777,76.02136,13.989144,1.9495239,1.2753805,2.85,47.238586,4.11,0.00203702,-0.8190524
2011,7,0.49617436,15.17622,69.64955,15.046997,2.132704,2.9396994,2.807,51.521988,3.988,0.00197254,-0.8421703
2012,7,1.72381162,13.82495,66.84483,14.87413,1.7488405,2.7352967,2.819,50.036015,3.836,0.00201141,-0.8326177
2013,7,2.08714719,12.87976,69.71942,17.471505,1.6229681,2.050347,2.8,49.674538,3.686,0.00210242,-0.7950544
2014,7,2.56873406,13.24399,68.98474,20.707188,1.9948432,1.8548985,3.245,50.83239,3.534,0.00185088,-0.5751346
2015,7,2.40123369,12.69469,73.83301,25.825967,2.1556401,2.6762352,3.037,45.540146,3.518,0.00165971,-0.6267228
2016,7,1.45711723,15.91281,73.38753,26.179822,1.9633495,0.8741904,2.943,40.63863,3.529,0.00160697,-0.6124981
2017,7,0.64700498,16.88316,78.462006,29.708957,2.2562099,0.6404092,2.73,39.19902,3.573,0.00182832,-0.6251
2018,7,1.11514947,14.178699,72.261696,33.197725,1.9148579,1.0688581,2.81,40.587605,3.608,0.00174554,-0.6780214
2019,7,0.63641529,14.451122,72.18878,36.276556,2.583406,2.4528022,2.754,43.378513,3.632,0.00171261,-0.7379684
2020,7,-2.43476031,15.047904,71.876785,39.39405,1.6559561,2.4376087,2.696,33.73883,3.881,0.0018707,-0.8271415
2021,7,0.63135199,12.766975,70.6405,41.639583,2.1406133,2.2718577,2.615,36.730835,3.976,0.00172664,-0.7877108
2022,7,1.04502998,13.082952,67.75391,40.624423,2.0873504,6.2476773,2.642,41.286602,3.646,0.00162602,-0.7843452
2023,7,0.65241756,13.830377,67.65119,38.892518,1.6829965,7.382814,2.643,37.89033,3.607,0.00168456,-0.7787017
2000,8,1.80819158,18.81951,31.574873,38.850159,4.8184643,10.96155,1.856,86.524925,5.08,0.00314446,0.1089203
2001,8,1.652932,19.15282,31.632866,39.643885,3.8923361,11.255615,1.729,80.85276,6.051,0.0029268,0.1089203
2002,8,1.72295969,19.2405,30.690622,41.437843,4.362027,9.1675205,1.575,80.41395,6.396,0.00264047,0.2004916
2003,8,2.72728708,20.15172,30.765013,40.565779,4.4835396,9.447581,1.497,83.327705,6.654,0.00238931,0.1932721
2004,8,2.90067537,20.43089,32.059814,41.001622,5.8231263,12.314815,1.443,85.25648,6.445,0.0021805,0.2661532
2005,8,2.48427892,20.64334,32.77382,37.320805,7.6284356,13.798295,1.448,89.222664,6.749,0.00201337,0.2312006
2006,8,5.83402518,21.02189,31.076956,33.036832,7.9285045,11.470597,1.354,89.81455,5.926,0.00193089,0.1677132
2007,8,6.75979509,20.81096,30.912472,26.975257,8.337426,9.3572445,1.354,86.4566,4.557,0.00200763,0.2444248
2008,8,3.32734138,23.40822,29.510948,24.007129,7.909007,13.424463,1.358,86.40151,4.934,0.00180028,0.2763826
2009,8,-2.18936701,22.88089,26.40225,25.994862,5.2515106,7.842702,1.315,69.759315,7.824,0.00176916,0.4024005
2010,8,4.06134321,23.00962,25.384314,28.084487,5.0637116,5.662757,1.167,67.51209,7.171,0.00194943,0.4026744
2011,8,3.18309277,23.50156,25.78323,29.503636,6.3917255,4.8779984,1.184,68.639145,9.518,0.00195374,0.3641095
2012,8,3.66596872,22.83091,24.50275,33.753068,5.708661,4.4954534,1.15,67.04854,9.11,0.00196775,0.4335446
2013,8,1.36003475,23.10953,23.225666,35.090928,6.2912774,5.231336,1.077,64.066414,8.218,0.0019944,0.3382818
2014,8,2.43499509,23.37343,24.413305,37.480299,6.232937,4.519201,1.073,65.19124,8.499,0.00185384,0.3669615
2015,8,2.55664326,23.4232,22.599232,39.774849,5.2363944,0.801982,1.052,60.753563,8.415,0.00185734,0.3596651
2016,8,3.15607053,30.15142,22.202953,43.78136,4.452962,-0.01747885,0.97,62.17848,8.085,0.00180297,0.315527
2017,8,3.17871989,26.08667,21.25539,46.781762,4.8332753,1.625907,0.919,65.07195,7.729,0.00175596,0.3339142
2018,8,1.92675571,32.59158,22.416426,51.584301,4.8294387,2.2211146,0.89,66.94534,9.01,0.00164455,0.3528682
2019,8,1.85075764,30.08221,22.324564,56.082081,4.22094,2.0960464,0.787,65.76053,10.807,0.00174432,0.3043657
2020,8,-4.8035913,31.16662,20.286762,66.92994,3.3704352,0.72491145,0.6,60.139885,16.432,0.00162889,0.2258033
2021,8,7.66921693,21.58196,20.517046,67.743254,5.53073,1.7264775,0.418,70.78164,15.139,0.00155726,0.2714874
2022,8,5.00925936,20.37883,22.435043,63.067913,5.417531,8.274775,0.441,82.22753,11.325,0.00167202,0.1212348
2023,8,4.30419878,23.38470783,24.126183,61.173481,5.419181,0.5251935,0.492,72.472,8.325,0.00191188,0.3340948
2000,9,1.12706118,15.74111,38.01316,74.462858,3.3294194,40.240932,2.569,116.04843,10.456,1.418913,-0.0680213
2001,9,1.26692434,15.74111,33.57913,57.769451,1.680567,41.509495,2.754,110.04585,9.615,1.36575826,-0.0680213
2002,9,1.6652639,15.74111,31.973572,54.061255,0.95569426,9.360932,2.746,97.48924,8.711,1.1849998,-0.2240367
2003,9,2.39760659,15.74111,36.00989,49.298531,1.791641,29.77298,2.655,97.28715,7.728,1.12964737,-0.4389193
2004,9,2.83982996,22.37925,32.447983,38.364225,1.5681055,18.042738,2.642,99.670334,6.758,1.10445249,-0.3962772
2005,9,3.158611,23.42996,23.532757,31.694725,1.3492398,15.438992,2.604,98.17152,5.816,1.10033032,-0.2673343
2006,9,3.66950804,24.16198,35.203724,17.290576,3.0452902,11.679184,2.596,64.51905,4.897,1.08574922,0.0739642
2007,9,1.69171778,22.31702,39.579845,21.061492,5.571189,10.734266,2.56,65.354324,5.104,1.04177518,0.0561228
2008,9,6.41466993,24.0375,41.081154,23.186481,9.466439,16.49464,2.516,69.51423,5.144,0.82413054,0.0686849
2009,9,2.26068894,22.49513,34.93131,25.390021,9.108087,19.246948,2.475,71.59474,5.362,0.69735007,0.078926
2010,9,5.30617508,20.69614,34.3018,32.924103,7.8494844,10.73339,2.392,75.377815,5.384,0.68813653,0.0369136
2011,9,11.33704178,30.63431,32.997612,31.220821,8.255879,8.728459,2.417,86.295456,4.213,0.63127328,0.0061563
2012,9,6.67974741,26.58139,36.881,35.473183,7.982516,11.186341,2.422,93.16804,3.126,0.53061658,0.0221723
2013,9,4.75796339,21.22221,38.87571,42.930079,5.1347966,11.666192,2.396,60.759323,2.173,0.46262028,-0.0886219
2014,9,0.45224409,20.98514,45.05064,50.110878,6.1512065,15.489616,2.334,63.836563,4.403,0.31249023,-0.0881126
2015,9,-0.20832582,23.8088,35.803062,53.895809,6.457376,17.14997,2.281,76.52127,6.806,0.26354628,-0.085856
2016,9,1.04704407,22.09332,37.823727,55.942373,6.2078266,17.454636,2.272,67.877,5.256,0.2380839,0.0177698
2017,9,5.78094586,20.09764,22.650837,56.983876,5.3903584,12.371922,2.12,70.54836,3.369,0.22646466,0.0366097
2018,9,4.01895338,18.59817,33.481617,61.976182,4.4440436,7.808765,2.031,67.95852,3.204,0.20746888,-0.0138733
2019,9,4.39063133,14.271719,28.97685,58.343852,5.6761994,7.14364,1.985,76.82481,3.067,0.18071092,-0.0546834
2020,9,-1.46830802,13.629475,23.750362,72.337415,2.6793745,9.88729,1.998,66.5755,3.178,0.17360508,-0.0103657
2021,9,3.0380027,12.167415,26.498478,79.178731,3.186332,9.971088,1.921,62.707832,3.2,0.16649739,-0.0445107
2022,9,1.83051245,13.179304,25.032135,85.743476,1.9324013,31.255896,1.92,70.115456,2.87,0.11660448,-0.0662946
2023,9,1.19022304,19.98914404,26.677233,76.369653,1.6379421,38.106964,1.897,64.38786,2.829,0.08417508,-0.0177779
2000,10,4.68094651,10.28238,27.326683,55.690622,5.8120723,9.80361,-0.235,137.26231,6.563,0.0035121,0.9862345
2001,10,4.30099677,10.43549,28.8142,52.129543,7.544265,9.116809,-0.235,130.90372,5.671,0.00358384,0.9862345
2002,10,5.02871061,10.15638,27.51259,54.914511,5.3867807,5.265448,-0.321,118.26933,5.608,0.00444129,0.9692987
2003,10,4.23691964,11.79174,26.355198,57.336431,4.880253,4.661017,-0.262,116.78709,5.79,0.00480954,0.8500324
2004,10,5.19581259,10.93479,25.832035,57.942869,4.3629127,6.7443466,-0.197,123.615685,5.832,0.00554662,0.7962749
2005,10,4.50792079,10.78715,25.764454,59.246973,24.306028,3.561517,-0.201,128.0048,7.189,0.00468209,0.7528133
2006,10,4.09589996,10.29982,25.011341,62.60134,16.157488,3.930326,-0.112,149.23154,7.494,0.00521866,0.7191893
2007,10,0.48790482,10.29848,26.261238,63.162301,50.406525,7.958745,-0.204,155.60143,7.406,0.00579341,0.4939081
2008,10,1.17042884,10.19107,26.349255,68.813601,47.23642,6.0425124,-0.144,158.45322,7.817,0.0053217,0.4953579
2009,10,-6.59558643,9.78333,26.234581,74.537074,-2.282805,4.211712,-0.162,145.30588,10.03,0.00531717,0.5418594
2010,10,1.29663661,9.67724,27.415949,75.721023,-15.885438,4.855558,-0.284,157.83896,11.172,0.00479272,0.4504472
2011,10,2.20591034,9.30112,28.216358,76.390016,7.4544215,3.929921,-0.368,166.75435,11.029,0.00415489,0.4689702
2012,10,-0.82864652,8.43415,29.371696,74.794458,8.305498,5.6521454,-0.237,166.1757,11.003,0.00452632,0.4322592
2013,10,2.52439305,8.36752,28.36042,75.788947,-2.7498639,1.7331998,-0.314,164.47603,10.177,0.00463671,0.5712638
2014,10,4.7555517,9.19467,28.33863,76.43523,9.126502,-0.22756627,-0.223,168.35835,7.725,0.00385907,0.6662414
2015,10,4.03310874,8.92264,27.488354,75.646284,-4.3672557,-0.06164468,-0.257,167.29074,6.813,0.00348882,0.579719
2016,10,2.8374904,9.86238,27.689428,75.167784,53.846764,0.3947693,-0.327,163.97194,5.115,0.00340495,0.5552886
2017,10,4.47743568,9.94773,27.249474,73.124147,-8.631355,2.3482428,-0.182,165.03285,4.156,0.00386369,0.6076573
2018,10,5.82146362,10.02925,26.788946,70.699385,-40.108246,2.8502479,-0.047,162.70085,3.667,0.00355948,0.6259032
2019,10,5.20876413,9.16409,27.78666,66.404513,59.57755,3.3385863,-0.035,159.92555,3.411,0.00339282,0.5238239
2020,10,-4.09730738,8.07872,26.147375,79.756689,105.63576,3.3267438,-0.393,154.52701,4.248,0.00336293,0.7208016
2021,10,7.66253175,9.67842,24.640352,76.931299,18.26391,5.1109653,-0.462,159.18753,4.021,0.00307022,0.784219
2022,10,4.43277116,7.80341,24.013594,74.487606,-1.0832449,14.608144,-0.023,185.0002,3.583,0.00266184,0.657731
2023,10,-0.68384587,9.713998696,23.059969,73.381301,-33.191032,17.124966,0.067,158.38574,4.096,0.0028865,0.5461907
2000,11,6.79504193,16.73051,71.70203,56.570109,0.7652117,4.009436,1.875,26.900923,7.589,0.02139037,-0.5480326
2001,11,1.90763006,16.73051,74.10621,58.008971,1.0563802,3.779293,1.866,25.993256,7.611,0.0207555,-0.5480326
2002,11,2.88134658,16.73051,73.37396,60.872794,1.0115695,4.297152,1.758,29.508663,7.681,0.02082032,-0.4818453
2003,11,1.94070549,12.4108,73.42475,58.218562,0.60588783,3.805859,1.711,30.592436,7.633,0.02192742,-0.4274791
2004,11,6.00579964,11.19686,72.48267,56.100045,0.76559687,3.7672517,1.696,37.503815,7.598,0.02294367,-0.1952701
2005,11,6.09996523,11.20846,73.14937,53.060738,0.8860984,4.2463436,1.568,42.00167,7.551,0.02219017,-0.1809739
2006,11,6.17702892,11.69371,72.25708,49.552021,2.1301684,5.7965236,1.56,45.72448,7.553,0.02260142,-0.1259439
2007,11,6.38367721,13.81448,70.81673,48.291678,2.073394,6.3728814,1.453,45.686268,7.562,0.02537105,-0.0160503
2008,11,6.05160014,13.81448,69.14794,48.494577,3.6205232,8.349267,1.425,53.36822,7.629,0.02063771,-0.1554864
2009,11,1.61413452,11.1912,66.75775,50.218805,2.6515903,10.882353,1.467,46.27287,7.636,0.02142245,-0.0934347
2010,11,6.31340986,11.83368,65.18477,45.620665,1.6350341,11.98939,1.443,49.255207,7.631,0.02231645,-0.1141477
2011,11,6.9307978,13.56491,62.2249,45.774015,2.0020635,8.911794,1.391,55.62388,7.609,0.01877582,-0.0726295
2012,11,3.76074153,13.99212,63.000137,47.092139,1.3129345,9.478997,1.357,55.79372,7.645,0.01825574,-0.0887591
2013,11,4.01726736,14.05018,69.07304,46.981926,1.5162765,10.017879,1.309,53.84413,7.678,0.01615587,-0.0587027
2014,11,4.97769997,15.718154,67.014,46.025388,1.6956596,6.6656566,1.215,48.922184,7.656,0.01578993,-0.0134938
2015,11,6.06398074,15.69222,64.66441,45.773842,2.0921152,4.9069734,1.171,41.922913,7.629,0.01507704,0.3968483
2016,11,6.71566735,15.7215,63.2062,45.532493,1.9373641,4.9482164,1.212,40.082485,7.611,0.01471569,0.3761225
2017,11,6.97394691,15.80977,55.112476,44.272658,1.5073159,3.3281734,1.114,40.742496,7.626,0.01564277,0.3527821
2018,11,5.56118503,16.63538,53.229946,44.127897,1.5582148,3.9388266,1.081,43.61697,7.652,0.01432823,0.5015296
2019,11,5.29211972,14.82382,52.00421,46.704434,1.7848264,3.7295058,0.999,39.905403,6.51,0.01403036,0.5054858
2020,11,2.7967576,15.99261,49.51094,55.033076,2.4062033,6.623437,0.948,37.758106,7.859,0.01368858,0.3492894
2021,11,-6.69047103,14.9246,45.109146,54.421233,1.412171,5.1314073,0.699,45.423088,6.38,0.0134585,0.2400136
2022,11,8.79093448,14.155475,44.54134,54.479156,1.4924883,6.699034,0.881,50.07527,4.822,0.01207931,0.3392526
2023,11,6.76238602,14.27982343,43.885105,55.031903,0.77191913,5.649143,0.885,44.992844,4.172,0.01203132,0.422603
2000,12,3.42786363,11.59389,45.195023,87.437299,-2.7574399,3.6886203,1.406,71.436874,6.077,0.00010422,-0.5497447
2001,12,2.21481344,11.59389,40.492107,71.10391,-1.8556862,11.500116,1.37,69.793205,6.082,0.00009615,-0.5497447
2002,12,3.0923093,14.36905,46.377964,61.829978,0.074151635,11.90012,1.341,59.07946,6.604,0.00011186,-0.7684151
2003,12,3.40244595,16.27818,46.016853,56.254074,-0.2542563,6.757313,1.306,53.616493,6.657,0.00011813,-0.9085265
2004,12,3.70436745,14.1703,45.910637,52.042211,0.738244,6.064062,1.236,59.761295,7.303,0.00010764,-0.7626847
2005,12,4.34435584,15.18211,55.32828,43.523984,2.9161148,10.4532,1.331,63.987934,7.945,0.00010173,-0.7337593
2006,12,4.1120189,14.93992,53.37504,35.854049,1.3479426,13.108671,1.32,56.657127,7.551,0.00011086,-0.5173516
2007,12,4.94958392,13.67475,49.54562,32.333566,1.6030105,6.406561,1.322,54.82925,8.06,0.00010617,-0.4571356
2008,12,4.64721758,19.30814,49.367565,30.226921,1.826329,10.226666,1.273,58.5614,7.208,0.00009132,-0.4526811
2009,12,3.31160021,16.65394,49.221355,26.460835,0.9039194,4.386413,1.261,45.512123,6.106,0.00010638,-0.3302307
2010,12,4.89326247,18.00551,60.583866,24.429159,2.0251791,5.1342063,1.26,46.701275,5.614,0.00011122,-0.2531404
2011,12,4.82294277,18.09042,56.22342,23.097718,2.3029842,5.3560486,1.293,50.18001,5.153,0.00011028,-0.3273953
2012,12,4.67540374,17.84826,53.617924,22.95471,2.3097804,4.2795143,1.279,49.582897,4.468,0.00010341,-0.2570836
2013,12,4.25603923,17.90389,50.899883,24.884419,2.5513563,6.4124947,1.203,48.63737,4.336,0.00008204,-0.1633885
2014,12,3.77968595,20.35886,45.24729,24.681673,2.8199725,6.394929,1.148,48.080177,4.049,0.00008039,0.3191278
2015,12,3.70583429,11.322839,42.715767,27.459991,2.2976165,6.3631206,1.097,41.93764,4.514,0.00007249,-0.062646
2016,12,3.91054275,10.8803625,38.12415,28.346531,0.48737246,3.5258045,1.053,37.42134,4.301,0.00007443,0.1221929
2017,12,4.00109865,10.1452465,36.177753,29.398831,2.0194893,3.8087986,0.992,39.355495,3.783,0.00007381,0.1565617
2018,12,4.15930014,9.342609,35.239548,29.775407,1.8142898,3.1983476,0.947,43.07431,4.387,0.00006906,0.2534613
2019,12,4.04130418,9.31964,34.55001,30.181921,2.233362,3.0305846,0.924,37.627777,3.59,0.00007194,0.3122885
2020,12,-2.89423404,8.965598,31.196217,39.334463,1.8105841,1.9198353,0.776,32.972176,4.255,0.0000709,0.213754
2021,12,2.97476192,8.702821,27.167332,40.696067,1.7878556,1.5600789,0.633,40.204758,3.827,0.00007008,0.1470804
2022,12,4.52447577,10.557102,32.96291,39.482379,1.872641,4.2094646,0.858,45.464672,3.462,0.00006357,0.2328093
2023,12,4.16733948,13.87857948,31.083654,38.98408,1.571167,3.6693866,0.828,41.33629,3.308,0.00006487,0.2732116
2000,13,0.56016899,20.63385,59.600163,22.152483,0.035586633,14.476751,1.553,41.257248,11.698,0.0004419,-0.5434034
2001,13,4.29451656,24.42417,59.236656,25.60659,0.32166046,11.274247,1.535,40.53557,12.362,0.00057112,-0.5434034
2002,13,0.82355304,26.50643,54.745975,28.530775,2.736115,14.335934,0.122,48.172688,12.8,0.00012575,-0.7183696
2003,13,7.19000976,22.13547,54.06885,26.788407,1.8941863,16.468012,2.084,50.679108,11.529,0.00012089,-0.7233853
2004,13,7.44180127,21.52145,56.559643,25.714118,1.6176969,14.761509,2.194,51.313858,10.3,0.00011373,-0.6691357
2005,13,2.12837885,21.89969,56.094944,22.176568,1.2842543,13.433118,2.232,54.440495,11.813,0.00011,-0.74235
2006,13,0.93124631,19.45678,51.68799,18.236322,0.87256,10.015899,2.079,53.16736,11.519,0.00010842,-0.7346343
2007,13,2.76183107,20.03128,53.21486,16.06229,0.57694614,17.34104,1.199,49.887306,10.772,0.00010774,-0.7287645
2008,13,6.40171007,22.38461,55.47851,12.373507,0.48759657,25.41051,1.23,48.229404,10.63,0.00010178,-0.7500004
2009,13,-0.95930346,18.56262,56.027607,13.277937,0.72053045,13.551555,1.254,43.69958,12.113,0.00010016,-0.745878
2010,13,-0.23921932,19.25691,59.39722,14.757303,0.74916863,10.089363,1.25,43.770645,13.679,0.00009659,-0.6340289
2011,13,4.48194624,20.15138,57.521534,12.259194,0.6798346,26.293386,1.222,41.219414,12.491,0.00008957,-0.5369306
2012,13,1.3849595,17.39579,54.961475,13.562291,0.7238501,27.256813,1.28,44.089348,12.275,0.00008157,-0.5324399
2013,13,-4.94408604,21.6735,47.86219,11.757624,0.6095016,36.603035,1.333,47.08672,10.595,0.00004036,-0.5687029
2014,13,-2.80061993,19.66487,40.109436,12.587421,0.45545387,16.606554,1.353,45.35142,10.68,0.00003685,-0.2574672
2015,13,3.58412138,18.56875,38.95087,37.022932,0.5009877,12.484681,1.37,39.42259,11.166,0.00003319,-0.1918034
2016,13,-2.75798228,19.44543,36.553177,47.903902,0.70452833,7.2454257,1.496,39.877243,12.618,0.00003089,-0.2031626
2017,13,7.26636493,20.30521,32.80345,45.044309,0.983655,8.044925,1.382,43.155693,12.232,0.00002772,-0.1973883
2018,13,1.55521443,21.14604,39.999763,42.944225,0.5761061,18.014118,1.169,56.61535,12.195,0.00002381,-0.2727406
2019,13,-4.96761764,21.24453,39.13536,46.554863,0.4333478,39.907345,0.988,48.59177,10.74,0.00002381,-0.4172702
2020,13,-3.40863263,22.6655,37.404957,48.342536,0.4776917,30.59414,0.551,43.884468,9.687,0.00002381,-0.7071428
2021,13,3.64198272,20.9082981,41.70082,42.40391,0.34982142,43.389015,1.109,42.67238,9.282,0.00002381,-0.6566521
2022,13,3.2691244,18.8212,41.587017,36.925685,0.3548933,43.488464,1.292,48.91835,9.085,0.00002381,-0.7076616
2023,13,3.10702656,20.8175547,43.145287,33.517032,0.3108854,44.579185,1.117,49.39355,8.129,0.00002381,-0.7402272
2000,14,-2.38610693,24.06614,47.331398,43.121688,0.87289643,9.980025,3.047,53.309044,2.884,0.01281458,-0.8436062
2001,14,0.57557675,22.96161,46.397865,41.276054,0.040833358,5.7385983,3.222,55.946835,2.876,0.01272265,-0.8436062
2002,14,-2.56736281,26.84722,44.62519,42.010158,0.21006237,1.9613082,3.073,55.172672,2.916,0.01297485,-0.9885635
2003,14,-0.19479801,25.84997,45.29118,43.792204,0.54841256,9.815691,3.098,54.132267,2.869,0.01313389,-1.104281
2004,14,1.89113513,27.59771,44.469044,40.754517,0.28619426,11.624036,3.112,59.477005,2.844,0.01292918,-0.7215366
2005,14,2.70244103,28.94344,45.226624,37.411659,0.113202065,10.312778,3.034,64.47887,2.739,0.01381851,-0.7229603
2006,14,3.27715458,26.95387,39.19219,37.065696,0.19621964,14.453734,3.06,55.236485,2.673,0.01440991,-0.6671859
2007,14,3.66978666,26.17428,36.45012,34.194955,2.281243,9.758881,2.986,53.89479,2.642,0.01595533,-0.5239398
2008,14,-2.75886456,26.17428,34.09736,34.254358,0.26629132,26.239817,3.072,57.578598,2.751,0.01286817,-0.6190145
2009,14,0.23259839,26.17428,31.375267,35.960599,0.27453423,9.234126,2.971,45.94519,2.816,0.01318913,-0.6026748
2010,14,4.968113,20.35201,30.178574,36.69467,0.3921643,3.9613888,2.834,50.394287,2.793,0.0123836,-0.5014835
2011,14,2.26952219,20.19197,30.966135,35.687277,3.094711,14.022491,2.669,58.402206,2.699,0.01175529,-0.530936
2012,14,1.87670754,19.48482,31.604355,37.616243,2.4472594,9.37777,2.549,51.62369,2.678,0.0116278,-0.468612
2013,14,1.26331129,18.68946,32.13203,39.755673,1.8141704,5.7174935,2.397,47.46464,2.762,0.01158618,-0.418694
2014,14,2.59218353,17.81518,29.221804,41.281031,1.2022084,6.8781548,2.282,46.17049,2.767,0.01104952,-0.4155586
2015,14,2.65589353,17.36209,26.898014,45.831722,0.8837999,6.5821543,2.173,40.327385,2.762,0.00977408,-0.3675673
2016,14,1.93794796,17.49838,24.999731,50.398551,0.62759125,6.2972493,2.242,34.86502,2.757,0.00975745,-0.3165797
2017,14,1.60475183,17.6314,23.2806,53.865569,1.640837,8.00565,2.108,35.995056,3.542,0.00968695,-0.3033052
2018,14,3.52404781,18.95112,23.365057,56.448928,0.83268625,4.6898065,1.955,34.414753,4.284,0.00981874,-0.3449543
2019,14,3.07004769,19.051144,24.299763,59.084646,0.46816856,5.239638,1.972,31.759462,5.014,0.00986812,-0.2914418
2020,14,-2.21032171,17.764854,23.332474,67.964961,-0.005368454,5.405162,1.952,30.39914,5.613,0.00915988,-0.3759713
2021,14,5.56513652,17.27012,22.651995,68.232211,0.382594,6.107936,1.85,35.00205,5.693,0.00883852,-0.3468069
2022,14,2.86281276,16.081675,24.009886,67.800025,0.691646,7.6598625,1.995,40.275322,5.565,0.00810547,-0.3324798
2023,14,3.64425549,24.994247,24.245653,73.039893,0.47252125,7.6713963,1.972,41.11109,5.409,0.00639134,-0.3131112
2000,15,6.33603611,21.39068,40.70201,32.363822,4.038429,1.5347402,2.364,220.40678,3,0.26315789,0.8746597
2001,15,-1.86947729,24.34852,35.693123,37.948365,0.5970293,1.4167848,2.442,203.36464,3.53,0.26315789,0.8746597
2002,15,2.87262555,25.9036,34.644497,39.524687,3.1661243,1.8078724,2.395,199.35623,3.48,0.26315789,0.9197187
2003,15,3.31466735,24.54244,34.49883,41.38765,2.920942,1.0896764,2.338,194.19513,3.61,0.26315789,0.9352283
2004,15,4.34321311,21.01292,36.10705,41.956839,3.5078726,1.4212712,2.286,210.37427,3.54,0.26315789,0.8416173
2005,15,2.97037127,23.439632,38.0438,40.161863,2.7343874,2.975071,2.25,203.85464,3.53,0.26455026,0.7787884
2006,15,3.25940654,16.74557,34.73174,38.7498,4.7271647,3.6092355,2.205,202.57715,3.32,0.28316579,0.825717
2007,15,4.0133044,16.12466,35.12305,38.272087,4.686846,2.0273533,2.143,192.4655,3.31,0.3024346,0.892499
2008,15,2.65806479,14.03864,35.536026,37.996851,3.2808194,5.440782,2.049,176.66832,3.34,0.2886836,0.7810639
2009,15,-3.45602643,18.46463,32.191563,48.533172,0.056692317,0.5833084,1.936,162.55898,3.62,0.29201343,0.7061109
2010,15,5.4342407,18.40623,34.1167,48.865688,4.2686467,1.6228523,1.806,157.94476,3.32,0.32430679,0.9606573
2011,15,3.46597439,20.97702,34.012707,49.32815,5.0744605,3.174471,1.698,154.93768,3.05,0.31476235,0.9015908
2012,15,3.69276569,19.85116,33.037975,50.923051,2.8290575,1.663571,1.708,147.84175,3.04,0.32698439,0.8762495
2013,15,2.9192326,19.45431,33.669086,52.256881,3.4943118,2.1050124,1.711,142.721,3.14,0.30473869,0.8710349
2014,15,4.20447758,19.80056,33.04467,51.938048,3.1412294,3.1429906,1.718,138.31223,2.88,0.28612303,0.9192375
2015,15,3.28578556,19.81073,33.707493,53.574478,3.270944,2.10439,1.748,131.37007,3.1,0.23299161,0.8365268
2016,15,2.62004558,20.78914,35.948456,51.890578,4.4713097,2.0905666,1.786,126.89901,3.44,0.22291574,0.7772776
2017,15,3.96186565,21.20991,35.934402,50.049697,2.9358203,3.8712013,1.743,133.15517,3.41,0.24618415,0.7610752
2018,15,3.07401779,19.64326,36.640583,51.185901,2.314587,0.8847092,1.661,130.40262,3.3,0.24163344,0.8592296
2019,15,2.75950122,17.63631,36.062656,52.421371,2.506977,0.66289186,1.533,123.028564,3.33,0.24434942,0.8172716
2020,15,-6.70933513,15.62188,34.2464,62.006782,1.2027546,-1.1387022,1.137,116.788185,4.54,0.24919013,0.8675226
2021,15,2.131462,20.462578,32.08135,63.266836,5.4162636,2.4771025,1.168,134.036,4.64,0.2394636,0.8036415
2022,15,7.73357564,20.14968,37.871056,60.181121,3.6848621,3.3786986,1.227,146.4246,3.93,0.22660322,0.7857271
2023,15,2.26723785,14.10052,37.09352,64.320927,1.9799006,2.4888656,1.241,132.59346,3.858,0.21779375,0.7474758
2000,16,-3.5859557,15.32381,68.81686,90.521885,1.713202,-0.67766166,2.957,44.66576,1.412,0.00141854,-1.3577285
2001,16,12.3755666,14.4935,67.79321,77.497752,5.067512,5.1870117,3.056,49.323906,1.332,0.00134353,-1.3577285
2002,16,-0.11560887,14.52521,61.75135,42.642965,-0.2662034,5.0328226,3.156,46.352924,1.36,0.00159873,-0.8107898
2003,16,6.36163328,18.28376,61.201935,44.149652,1.2936676,-1.3467262,3.201,46.891533,1.272,0.00192543,-1.0756994
2004,16,-1.75582979,17.73635,55.612995,42.434421,1.3104513,-3.0997813,3.274,44.0121,1.413,0.00207651,-1.0002198
2005,16,-0.76558084,16.2803,57.018227,46.626393,2.1574976,6.397883,3.277,44.912407,1.367,0.00179844,-0.887585
2006,16,0.34331524,16.107155,56.742867,18.0658,1.8062251,1.5435259,3.284,49.019077,1.395,0.00200775,-0.9167964
2007,16,-1.53137746,16.107155,61.347298,18.534527,2.1273978,1.412002,3.292,46.897793,1.372,0.0022442,-0.8640029
2008,16,0.28826876,18.03169,63.221992,20.098152,2.3337963,9.170988,3.281,53.64302,1.383,0.00212163,-0.8339004
2009,16,2.07458359,16.95941,61.83517,21.855125,5.3410125,2.4637518,3.235,40.54138,1.406,0.00219618,-0.8048193
2010,16,2.20222025,16.50391,56.266,25.28873,2.926127,1.1089269,3.261,48.816696,1.375,0.00203702,-0.9244336
2011,16,-0.33881137,18.25834,50.00246,23.964763,3.6037235,2.955644,3.205,43.18147,1.403,0.00197254,-0.8221921
2012,16,-3.91930567,22.40338,44.743607,25.389867,2.6890125,5.3231287,2.644,49.425236,1.462,0.00201141,-0.9100926
2013,16,0.31742368,16.62345,34.849396,26.381859,1.955529,-0.60673636,3.19,54.603245,1.517,0.00210242,-0.8529578
2014,16,3.18909646,18.22426,33.551174,26.906656,0.844266,0.8838146,3.132,51.078682,1.476,0.00185088,-1.0499743
2015,16,2.96620762,18.15549,34.171246,30.661119,1.7680956,1.4506906,3.126,53.575176,1.404,0.00165971,-0.9383384
2016,16,2.70047364,13.90388,35.750557,37.221474,2.1290069,-1.7996471,3.207,53.612617,1.367,0.00160697,-0.929614
2017,16,2.06891771,16.53433,37.50244,38.226284,3.0627942,1.7598574,3.17,49.491997,1.498,0.00182832,-0.8719879
2018,16,1.64097526,17.52153,32.553547,37.524259,2.2942607,0.2995465,3.082,50.699844,1.62,0.00174554,-0.9789893
2019,16,1.87829273,15.35703,31.079233,40.724559,4.195311,-1.6582669,2.956,53.998714,3.29,0.00171261,-1.0954319
2020,16,-4.10679846,15.14261,44.73706,47.333552,2.5936673,0.43808895,3.077,56.041546,3.528,0.0018707,-1.1224054
2021,16,-0.00652431,16.21821,44.094025,51.561102,2.7824574,3.925603,3.044,56.715054,4.006,0.00172664,-1.1810763
2022,16,0.62881217,18.189997,50.84737,50.341981,3.1742253,9.621476,2.976,61.56133,2.387,0.00162602,-1.2060162
2023,16,1.69413019,19.121769,47.22995,51.880788,2.8313198,2.0588024,2.972,57.53326,2.947,0.00168456,-1.2258828
2000,17,3.42140514,19.64613,52.223644,18.19187,2.4771922,9.491562,1.51,49.910408,2.646,0.10446919,0.01828
2001,17,-1.91629659,20.62428,53.428387,17.566166,3.776078,6.3677382,1.457,44.74011,2.627,0.10938167,0.01828
2002,17,-1.66063054,21.46491,54.359333,19.217328,2.4868574,5.0307274,1.419,45.209827,3.003,0.0969697,-0.3151304
2003,17,-0.21945015,22.47187,55.66365,20.19004,2.3718803,4.5469003,1.378,48.700417,3.455,0.08899964,-0.2703013
2004,17,2.16106231,22.05383,53.6927,19.203806,3.0682104,4.688409,1.353,52.04062,3.937,0.0887721,-0.2433608
2005,17,0.74541324,21.90379,54.589554,18.713623,2.7422013,3.9880571,1.344,52.562645,3.558,0.09278417,-0.1302682
2006,17,3.39577676,20.82432,53.763947,19.146305,2.1689303,3.6294677,1.363,54.482117,3.566,0.09190332,-0.0851155
2007,17,0.65078871,19.88907,52.497154,19.551932,2.8139873,3.966849,1.452,55.258526,3.628,0.09202849,-0.1597859
2008,17,-0.51988992,17.38016,48.595856,22.945429,2.56308,5.124983,1.468,56.36528,3.874,0.07386452,0.0066138
2009,17,-7.65517174,18.66512,47.35384,26.188794,2.0831165,5.2973557,1.456,54.591743,5.356,0.0765773,0.103917
2010,17,3.47084287,18.64259,43.508766,25.736713,2.7622373,4.1567273,1.424,59.273384,5.303,0.08092514,-0.0704234
2011,17,1.99026327,18.42102,40.73421,26.564836,1.9442261,3.4073782,1.407,62.162388,5.175,0.07147758,0.0989004
2012,17,2.1573183,18.08719,40.64141,26.940245,1.4525892,4.11151,1.308,64.257935,4.892,0.07686336,0.198193
2013,17,-0.44781075,16.90599,39.879066,29.533146,3.8367026,3.8063908,1.287,62.691673,4.921,0.07647306,0.2228276
2014,17,1.27091421,18.80594,40.872025,31.443228,2.0841575,4.018616,1.134,64.09841,4.819,0.06794401,0.131427
2015,17,1.60971011,19.01875,41.043774,33.778193,2.9878378,2.7206407,1.005,70.41297,4.311,0.05811757,0.0999957
2016,17,0.7909552,17.93933,41.372223,35.878601,3.4976802,2.821708,0.933,75.6903,3.853,0.04823601,0.1280596
2017,17,0.92342537,17.5773,41.788364,34.265678,2.7830749,6.041457,0.937,76.952126,3.419,0.050539,0.0099863
2018,17,1.01136623,16.57785,42.3094,34.396233,3.0141785,4.89935,0.956,80.21266,3.275,0.05080552,-0.0269292
2019,17,-1.33462178,19.31049684,42.282192,35.156172,2.2965145,3.6359615,0.945,77.461975,3.477,0.05306391,-0.0086685
2020,17,-9.10287156,16.19586,38.76134,40.279947,2.8133886,3.3968341,0.697,76.85455,4.44,0.05012858,-0.0462658
2021,17,5.34306681,15.88313,41.37072,40.083442,2.7054758,5.6892085,0.638,83.0693,4.019,0.0485826,-0.0457429
2022,17,2.93163505,14.23611,39.089664,39.399139,2.6714141,7.896276,0.868,88.798485,3.256,0.05150842,-0.0874176
2023,17,2.21143135,18.80543638,41.23573,39.862452,1.7073919,5.527961,0.877,73.578865,2.765,0.05909467,-0.0748652
2000,18,2.3155856,12.92393,47.172565,71.590159,9.898874,31.299301,-1.047,126.1631,8.539,0.08075392,-0.6693344
2001,18,6.33753269,16.42476,51.941223,60.816841,6.9860096,9.764663,-1.1,124.50074,7.366,0.07638894,-0.6693344
2002,18,8.04993225,17.88434,46.51904,59.555989,5.0577135,5.301244,-1.149,129.83952,6.845,0.07234843,-0.7261883
2003,18,6.90061128,16.19259,48.306805,52.874223,3.7230413,11.746079,-1.158,140.05653,6.378,0.07564297,-0.7311657
2004,18,7.66608705,19.45202,38.17025,40.051348,5.81199,12.524277,-1.238,132.69907,6.374,0.08024974,-0.8264427
2005,18,7.76188624,19.29665,42.76385,33.256196,6.381463,11.959184,-1.652,143.02357,5.633,0.07793017,-0.9015247
2006,18,5.09166802,18.60882,46.451584,30.279629,7.5898066,12.777756,-1.754,137.15477,4.26,0.07748935,-0.8426635
2007,18,3.23894684,19.41697,45.09948,23.195208,12.179026,12.3671665,-1.845,142.72054,2.749,0.08834547,-0.7566373
2008,18,8.00539195,19.85008,48.42182,18.442649,12.000513,12.783048,-1.924,134.4216,2.097,0.096152,-0.7274061
2009,18,-5.88123771,20.99263,45.57893,24.197663,4.8527107,-0.0627186,-1.993,110.36333,3.024,0.08128958,-0.7462463
2010,18,7.20697461,22.26701,40.43186,21.872753,4.258792,7.483851,-2.054,87.93785,2.972,0.08227812,-0.6041275
2011,18,5.87938512,21.91588,44.79645,19.465376,4.431476,7.687251,-2.105,98.6176,2.677,0.08535773,-0.5793138
2012,18,-0.57670087,20.74197,42.21785,20.084057,2.8843265,4.5463343,-2.137,96.30641,2.189,0.08289537,-0.5624904
2013,18,9.07307558,18.276487,42.57613,19.677884,2.5469851,4.597879,-2.152,95.687294,1.894,0.07658727,-0.5012795
2014,18,5.06366581,18.7651,38.3488,20.816727,3.6789691,5.0887856,-1.756,94.228294,1.45,0.06404017,-0.4639188
2015,18,0.42915889,18.23872,46.18741,22.835765,2.8966355,9.67624,-1.594,88.966415,1.781,0.05086858,-0.6288785
2016,18,5.87017576,18.62163,46.291897,31.938674,1.0956135,6.359309,-1.431,89.004684,1.591,0.05004654,-0.6014068
2017,18,5.990412,18.43283,43.63448,29.35125,1.571512,6.57023,-1.323,88.62339,1.622,0.05847885,-0.4025781
2018,18,5.92036718,17.56773,40.02739,27.510741,2.7517798,3.045054,-1.179,87.446785,1.239,0.05833387,-0.2156019
2019,18,5.22280985,19.46438,35.693703,25.451031,4.442183,4.8377833,-1.453,87.63224,1.502,0.05810812,-0.2731316
2020,18,-7.26326977,17.99377,30.926271,33.95558,1.3504764,3.7659712,-1.357,79.265724,1.206,0.05809023,-0.2721944
2021,18,15.65579761,16.84165,29.415901,32.118783,2.820068,5.1064115,-1.623,88.47089,0.794,0.05635327,-0.2101436
2022,18,-2.11552608,16.69313,31.710207,34.486032,4.034467,28.737297,2.68,112.11767,0.909,0.05219779,-0.133791
2023,18,4.10581131,16.88653,27.468853,34.261811,2.1595109,13.41701,-0.89,93.99462,1.57,0.05745079,-0.0336705
2000,19,-4.57504227,19.05753,60.33108,82.104464,0.7033429,2.9001498,3.495,34.71278,1.427,0.00141854,-1.3111633
2001,19,3.56959178,16.65031,60.25552,73.982285,0.92242086,4.005514,3.522,33.013668,1.47,0.00134353,-1.3111633
2002,19,1.2779551,16.66685,59.451786,69.035392,0.28134075,2.628866,3.541,30.834385,1.808,0.00159873,-1.0453991
2003,19,-1.40492633,13.8455,61.08286,60.603839,0.5459245,-1.6144077,3.583,33.382793,2.145,0.00192543,-1.0520881
2004,19,-3.18333779,16.5550475,59.833546,55.049798,0.6491597,0.26254377,3.613,36.964104,2.751,0.00207651,-0.8354534
2005,19,3.50589536,16.5550475,51.344463,49.460225,1.1350676,7.7974977,3.646,38.34774,3.1,0.00179844,-0.7441785
2006,19,2.12703437,16.88377,49.88719,18.282811,0.8474975,0.04048583,3.668,36.531372,2.528,0.00200775,-0.8062253
2007,19,-0.58503884,17.37597,53.65877,17.830295,1.7285864,0.05395926,3.694,35.502804,2.021,0.0022442,-0.8180005
2008,19,3.81608289,16.17733,52.612034,14.170103,3.8790314,11.30511,3.71,39.711243,1.584,0.00212163,-0.7451343
2009,19,-1.75785643,18.91251,53.667995,15.936062,8.620891,0.5829066,3.724,49.512257,1.208,0.00219618,-0.6827442
2010,19,4.6076659,19.08965,55.533787,15.078104,10.14669,0.8040731,3.727,51.945988,0.718,0.00203702,-0.7350007
2011,19,-1.38136228,20.11652,57.737446,14.74672,12.164506,2.9423852,3.716,50.246395,0.316,0.00197254,-0.695647
2012,19,6.45537639,19.19202,60.806496,18.12966,8.923679,0.4550898,3.828,45.085964,2.177,0.00201141,-0.5898721
2013,19,1.43045374,18.0767,56.543682,19.554422,7.035166,2.2972312,3.691,46.29515,1.401,0.00210242,-0.6374806
2014,19,2.77949866,21.6615,54.67354,22.08588,7.575912,-0.93028724,3.687,45.7416,0.524,0.00185088,-0.5887916
2015,19,0.60432014,18.51219,51.68565,29.870103,5.4676175,-0.5760904,3.705,44.727432,0.556,0.00165971,-0.5908565
2016,19,0.51934198,15.34716,58.510403,32.826827,2.897745,1.6538892,3.645,36.48811,0.55,0.00160697,-0.5660437
2017,19,1.84106185,13.21516,48.31372,36.507145,3.0282302,2.7963731,3.478,39.071114,0.556,0.00182832,-0.654903
2018,19,3.26870209,16.33997,48.96119,37.009641,3.630374,2.9676037,3.424,37.53885,0.536,0.00174554,-0.6127385
2019,19,2.56706453,13.012805,46.09529,39.786969,5.563789,-2.4897926,3.311,37.102566,0.531,0.00171261,-0.6646514
2020,19,1.06429268,13.33254,43.5486,44.970743,2.6239555,2.8981938,3.289,35.51299,0.591,0.0018707,-0.6573807
2021,19,-2.122378,11.952616,42.5277,51.337608,3.9881263,3.837868,3.22,37.015892,0.806,0.00172664,-0.6395047
2022,19,8.63112579,12.371451,40.34075,50.598798,6.258808,4.2262177,3.282,52.80615,0.403,0.00162602,-0.644957
2023,19,-0.69144285,12.806974,51.48023,51.888495,6.1414785,3.7009733,3.307,46.47556,0.407,0.00168456,-0.6115289
2000,20,5.75502268,11.58057,31.120039,36.089773,5.3974037,9.900175,-0.024,60.61072,14.928,0.24135934,0.4025763
2001,20,1.26167598,11.86566,28.978146,32.778535,2.959496,5.4083357,-0.032,57.878532,18.435,0.25085919,0.4025763
2002,20,1.94840486,11.9206,26.4494,41.064618,2.0486298,1.9052821,-0.062,60.7968,20.211,0.26049807,0.2937024
2003,20,3.59326548,11.67522,27.580942,44.772514,2.457435,0.68270135,-0.073,69.21345,19.899,0.2673225,0.4637907
2004,20,5.15230496,12.32353,29.4441,43.933703,5.4115086,3.3826468,-0.115,70.981575,18.822,0.33440342,0.2850646
2005,20,3.30621477,12.26529,27.745615,46.442164,3.596418,2.1837988,-0.111,70.31148,17.592,0.30662619,0.4613517
2006,20,6.26942932,12.70998,27.105726,46.437918,6.2079062,1.284694,-0.168,77.700806,13.794,0.34358358,0.3072557
2007,20,6.81843988,11.34833,26.290737,42.165677,5.8250217,2.458743,-0.099,80.7454,9.551,0.41067762,0.2285767
2008,20,4.36953645,11.41025,24.430563,44.167497,2.7209995,4.164972,-0.03,80.574684,7.069,0.33763252,0.4094615
2009,20,2.54561682,11.08305,24.360237,45.906243,3.1810548,3.7953925,0.063,74.9686,8.131,0.35084026,0.4671032
2010,20,3.46400854,11.04652,23.714363,48.683854,3.9448946,2.5806937,0.426,82.22585,9.578,0.33737053,0.5474147
2011,20,5.19888222,10.94568,23.95442,49.306865,3.5712895,4.2394013,0.168,86.92369,9.576,0.29262012,0.5785731
2012,20,1.51202437,11.19551,24.264168,48.93559,1.5288609,3.5603714,0.037,88.8299,10.031,0.32262227,0.600245
2013,20,0.74503198,11.56644,23.645573,51.168764,0.25898343,0.9919826,0.022,90.41751,10.293,0.33200531,0.654327
2014,20,3.99831832,11.5705,22.737463,45.605499,3.8508918,0.053821314,0.008,92.03402,8.971,0.28512774,0.9088197
2015,20,4.50138468,11.53715,23.037586,46.118873,3.295462,-0.8741259,-0.002,92.255424,7.475,0.25633796,0.8717909
2016,20,3.07547528,11.2716,22.74558,49.768809,3.8160875,-0.6647673,-0.014,96.865906,6.141,0.23927452,0.7500075
2017,20,5.13933542,11.04396,22.736435,46.497208,2.3781283,2.0759356,-0.029,100.565895,4.867,0.28724902,0.6233831
2018,20,6.24607111,11.11062,20.420332,44.434495,3.3480392,1.8129516,-0.043,102.44246,3.835,0.26597867,0.6921258
2019,20,4.60600727,11.17117,20.090784,42.064311,3.1545565,2.2274787,-0.036,101.58103,3.267,0.26331727,0.6631417
2020,20,-0.861202,10.05723,19.53498,46.446151,3.3149905,3.3744698,-0.251,99.259094,3.155,0.26607067,0.6765763
2021,20,8.471718,10.60409,19.847479,42.758841,5.4430676,5.055027,-0.435,110.87428,3.268,0.24630542,0.5887761
2022,20,5.71227597,9.97441,18.434946,39.939711,6.006261,14.429451,2.231,123.02133,2.811,0.22717979,0.515427
2023,20,0.6168531,11.35988522,15.846342,39.575407,4.389187,11.528913,-0.264,110.02493,2.743,0.25412961,0.6341038
2000,21,2.59397523,8.18758,19.419724,23.100759,2.7836132,45.666595,-0.548,48.521324,6.969,0.38571318,-0.6395683
2001,21,6.69667367,9.84882,18.94092,27.38727,2.8642075,34.477013,-0.602,51.928593,6.561,0.31648574,-0.6395683
2002,21,7.65586943,10.92235,17.835146,26.80101,2.4834201,22.539886,-0.771,53.710247,8.112,0.29850746,-0.4750729
2003,21,3.08196384,11.13906,15.127175,23.461579,3.189959,15.273489,-0.858,56.179527,6.95,0.30679552,-0.5893426
2004,21,11.05911322,9.84331,24.326986,19.904589,8.593685,11.874364,-0.912,60.62648,7.719,0.34403275,-0.3220772
2005,21,5.31650611,10.83668,18.498968,16.129015,6.600672,9.014913,-0.87,59.36055,7.174,0.32177103,-0.515835
2006,21,8.67067585,12.71962,19.990564,13.418296,9.020061,6.558514,-0.812,61.683624,7.27,0.38946876,-0.4530336
2007,21,8.82964824,12.00496,17.596075,13.012887,5.7867904,4.8373294,-0.763,63.505157,6.413,0.40709982,-0.4804629
2008,21,11.1442089,11.61622,18.182154,12.489955,6.3774185,7.8508024,-0.699,65.1752,5.787,0.35283325,-0.5057909
2009,21,-4.72628859,11.02129,20.784504,21.179139,2.663644,5.58742,-0.675,58.47006,6.859,0.34058785,-0.4998865
2010,21,-3.33335291,9.12913,19.631237,27.955666,1.8897185,6.091417,-0.733,69.95493,6.959,0.31206116,-0.2261464
2011,21,5.01083371,8.31299,24.27584,31.399116,1.2304269,5.789253,-0.746,76.271355,7.177,0.29946396,-0.1785126
2012,21,2.35828067,8.43579,22.42794,34.11843,1.7014377,3.3349228,-0.475,76.59432,6.794,0.29784066,-0.190389
2013,21,0.65182227,8.96413,20.176117,36.620337,2.0310051,3.9847124,-0.475,81.39761,7.096,0.30721022,-0.0458649
2014,21,4.50672544,9.25695,20.3137,38.266151,1.9372883,1.0683099,-0.472,83.375145,6.802,0.27123793,-0.0498234
2015,21,3.64306941,9.09451,21.281868,37.361395,2.4272583,-0.59415644,-0.503,83.52058,6.812,0.24109748,-0.0115775
2016,21,3.45169541,9.51059,20.754986,38.074993,3.3741758,-1.5447967,-0.444,85.892525,5.901,0.2323798,-0.1192185
2017,21,8.82266657,10.05265,20.488155,35.933713,2.8327308,1.3390212,-0.444,87.15607,4.927,0.25697032,-0.1200618
2018,21,6.01553045,10.46096,19.457571,35.263051,3.0371466,4.6254845,-0.488,87.09117,4.187,0.24548311,-0.102107
2019,21,4.50941296,10.70549,18.877165,35.59183,2.9452293,3.8278544,-0.497,84.906364,3.912,0.23469771,-0.1453557
2020,21,-3.06561725,9.3997,19.026186,46.907994,1.4373735,2.631073,-0.625,78.36165,5.035,0.25214322,-0.2499801
2021,21,6.37801654,8.95024,20.942455,48.784577,4.1283455,5.0523286,-0.87,87.0712,5.59,0.2287963,-0.0777119
2022,21,4.59004052,8.77512,21.421675,48.327792,3.8864734,13.795488,0.024,93.94965,5.614,0.21576835,0.199031
2023,21,2.19035297,9.964701739,22.96146,49.232098,2.5042686,10.397187,-0.53,83.375336,5.589,0.22242982,0.1319311
2000,22,1.41335705,17.61849,55.66883,57.514006,1.3577446,0.731982,2.419,48.680088,2.638,0.00141854,-0.5762275
2001,22,1.81176866,15.72974,52.76372,53.208811,0.69275725,2.974501,2.431,49.720577,2.674,0.00134353,-0.5762275
2002,22,-2.35286665,16.72192,55.329628,51.992868,1.1802444,2.337302,2.468,53.1443,2.82,0.00159873,-0.5402625
2003,22,3.08280432,16.11751,54.93058,42.883334,0.9864583,-0.051997025,2.347,50.82122,2.781,0.00192543,-0.7534935
2004,22,2.21660237,16.96225,55.09139,37.998538,1.3653467,0.5147818,2.345,53.659203,2.775,0.00207651,-0.6247635
2005,22,1.89854972,21.77097,39.51602,36.129935,1.5255129,1.7113333,2.333,54.903244,2.679,0.00179844,-0.5398674
2006,22,-0.0239031,17.95464,37.439507,17.486673,2.4777083,2.1122859,2.323,54.13624,2.755,0.00200775,-0.5239389
2007,22,0.46618319,17.55364571,44.27264,18.962782,2.5114567,5.8533044,2.323,59.271305,2.8,0.0022442,-0.4434196
2008,22,1.30518112,19.22614,41.627815,19.073493,2.7040474,7.3472023,2.356,62.76177,2.816,0.00212163,-0.268235
2009,22,0.34991148,23.30045,45.615383,29.937418,2.0529954,-2.2480214,2.375,52.30729,2.807,0.00219618,-0.341083
2010,22,0.95226961,2.5106,48.677338,34.600371,1.6877834,1.2286812,2.398,52.457855,2.795,0.00203702,-0.2855436
2011,22,-1.19544188,21.08697,50.7988,32.877236,1.90107,3.4032283,2.654,57.576878,2.853,0.00197254,-0.250523
2012,22,1.25574646,20.79525,52.77386,34.488831,1.5636802,1.4182287,2.699,61.975304,3.896,0.00201141,-0.23996
2013,22,-0.57803553,25.74235,55.2388,36.860469,1.6458176,0.7102455,3.22,60.626766,5.012,0.00210242,-0.1805346
2014,22,2.91207941,24.80131,50.375618,42.365709,2.0361311,-1.090255,3.117,58.442528,5.849,0.00185088,-0.1242113
2015,22,3.15103873,23.77827,50.83868,44.508726,2.3019493,0.13521193,3.025,58.110336,6.757,0.00165971,-0.1627129
2016,22,3.23503572,21.33737,51.14097,47.523587,2.4811032,0.8372849,2.933,54.10817,4.455,0.00160697,-0.184756
2017,22,4.35023573,21.10169,48.895737,61.139422,2.801854,1.3181531,2.843,57.70528,4.078,0.00182832,-0.029733
2018,22,3.27615847,22.65928,48.335365,61.522949,3.667658,0.46098563,2.759,61.78984,3.453,0.00174554,-0.0860241
2019,22,1.8089229,14.69312,48.74661,72.088222,4.5524764,1.7601116,2.678,64.23625,2.863,0.00171261,0.1244277
2020,22,-1.29147593,19.21674,41.573048,81.628292,7.5239573,2.5431468,2.59,60.04687,3.432,0.0018707,0.0852361
2021,22,3.8734326,16.67687,46.87755,89.386597,9.404264,2.180323,2.489,69.37599,3.436,0.00172664,0.1309278
2022,22,1.31913435,16.49155,47.209187,94.629302,10.541124,9.696819,2.447,79.59982,2.837,0.00162602,0.1203621
2023,22,1.79788239,22.54717,44.325565,107.35636,15.60446,5.939478,2.329,71.39303,2.784,0.00168456,0.1516215
2000,23,3.25127058,20.47205,14.461517,37.929027,0.6384275,5.338959,0.827,46.220722,22.788,0.13212658,0.4728977
2001,23,1.82108406,20.47205,14.126282,38.04515,5.3683453,5.7018948,0.891,49.170944,22.652,0.08246403,0.4728977
2002,23,2.72292924,20.0957,13.557768,31.800667,1.1463573,9.494714,1.002,53.4655,22.579,0.11574074,0.4291216
2003,23,1.9282249,19.5923,12.326144,31.514111,0.39749274,5.6794243,0.991,45.72386,22.679,0.15060241,0.4573859
2004,23,3.50654129,19.93463,11.8459015,30.73347,0.27419978,-0.69203943,1.024,45.643574,22.567,0.17761989,0.4701653
2005,23,4.21638585,19.92499,11.312836,29.637126,2.2578187,2.062853,1.002,47.42778,22.472,0.15810277,0.4932407
2006,23,4.53031945,18.00499,10.582864,28.030117,0.20512554,3.2439077,1.042,53.768143,22.304,0.14347202,0.382498
2007,23,4.25469605,18.02707,9.702891,24.325986,1.9775578,6.177812,1.068,57.125137,22.26,0.14684288,0.3321647
2008,23,2.00798658,17.90631,8.8428755,24.044821,3.126866,9.909985,1.237,65.974525,22.407,0.1074691,0.3051168
2009,23,-2.70664075,18.30626,8.109772,26.994638,2.3121748,7.2380953,1.152,49.587536,23.523,0.13550136,0.3762598
2010,23,1.82804672,18.04437,7.995063,31.185363,0.8849046,4.0674953,1.214,50.406086,24.683,0.15079317,0.2719786
2011,23,1.9009205,18.66229,7.7509093,34.74204,0.9033814,5.0008535,1.258,54.63635,24.639,0.12280637,0.3051973
2012,23,0.89717968,19.66995,7.7220197,37.407879,1.0649225,5.7379713,1.688,55.58262,24.727,0.11763114,0.3162949
2013,23,0.80565881,18.6966,7.6100473,40.355904,2.053581,5.780169,1.618,58.875027,24.561,0.09533025,0.3334887
2014,23,-0.25718897,18.98916,5.6639814,43.253385,1.5193274,6.1328297,1.704,59.499573,24.89,0.0863487,0.331414
2015,23,-0.69426529,18.69935,5.7363915,45.195466,0.43873578,4.518691,2.309,56.726677,25.149,0.06432937,0.2444848
2016,23,-0.27778148,18.04874,5.7855144,47.134049,0.6846126,6.6029086,-0.415,55.861256,26.536,0.07307564,0.2013163
2017,23,0.49869596,18.71929,5.834644,48.588208,0.539674,5.186187,1.716,53.53593,27.035,0.0812,0.2227717
2018,23,-0.13748504,18.90159,5.8466635,51.536269,1.3742912,4.5098724,1.649,54.485546,26.906,0.0695572,0.148105
2019,23,-1.38036105,19.60577,5.741118,56.101331,1.3140775,4.102851,1.65,53.897995,28.468,0.0712985,0.1893815
2020,23,-7.6787331,19.6557,6.429427,68.927079,0.9330737,3.2323883,1.595,50.75966,29.217,0.0680923,0.0953251
2021,23,3.25562043,18.93695,6.6101794,68.671757,9.680981,4.6187453,1.487,56.164715,34.007,0.0628717,0.0420935
2022,23,0.62521727,18.89266,6.7182865,70.832465,2.266703,7.0398726,1.342,64.947136,33.268,0.0588459,-0.0015597
2023,23,-0.52385115,19.17063,6.6926317,73.362901,1.0127378,6.075244,1.315,65.67988,32.098,0.0539923,-0.18467
2000,24,3.2802348,28.3886,34.18559,21.964587,2.6631286,1.5919691,1.056,121.29796,2.389,0.02311198,0.2796884
2001,24,2.39873162,24.24134,33.98861,24.578334,4.212235,1.6269089,0.976,120.26797,2.6,0.02261333,0.2796884
2002,24,5.1327501,16.22293,27.897083,30.070356,2.488153,0.69730896,0.948,114.96974,1.82,0.02317411,0.1054802
2003,24,6.19493623,20.86635,27.1678,27.046018,3.4359398,1.8043499,0.916,116.69282,1.54,0.02525846,0.1883012
2004,24,5.34116206,21.45767,26.408852,24.3964,3.3894749,2.7591493,0.877,127.41187,1.51,0.02560085,0.1673729
2005,24,3.29537579,20.54682,27.583063,24.392201,4.339587,4.540369,0.844,137.85387,1.35,0.02437247,0.2466566
2006,24,4.1001178,22.00279,17.656862,23.261117,4.021257,4.6374745,0.817,134.08694,1.22,0.02774275,0.1709682
2007,24,4.59498921,18.48467,14.813794,22.604001,3.2835693,2.241541,0.784,129.87323,1.18,0.02965735,0.1510563
2008,24,0.94728017,18.16285,14.701762,21.99186,2.938249,5.4684896,0.753,140.43701,1.18,0.02865518,0.1042204
2009,24,-1.42135867,18.1783,15.90249,26.795897,2.2759023,-0.8457161,0.724,119.26942,1.49,0.03001228,0.2394144
2010,24,6.79479929,16.22262,14.497379,27.779262,4.3232093,3.2475884,0.617,127.25053,0.622,0.03316607,0.1380751
2011,24,0.21504556,22.63024,13.008713,27.315354,0.6670877,3.8087907,0.626,139.6754,0.66,0.0315545,0.1220647
2012,24,6.58038336,21.3968,13.421868,28.457899,3.2445645,3.0148995,0.613,137.67494,0.58,0.03264603,0.1802694
2013,24,2.08615316,19.12552,12.540233,29.632393,3.7912645,2.1848862,0.562,132.46228,0.249,0.03047517,0.1498463
2014,24,0.45053655,20.53541,12.856081,29.890917,1.2214532,1.8951418,0.498,130.9055,0.576,0.03033704,0.1288639
2015,24,2.65971785,20.623098,11.910617,32.090099,2.2246854,-0.90042496,0.424,124.83966,0.597,0.02770958,0.0674039
2016,24,2.96944155,19.802164,10.813033,30.557332,0.84336436,0.1881497,0.479,120.575226,0.688,0.02790903,0.0943555
2017,24,3.737978,18.362368,11.837904,32.458826,1.8155026,0.6656319,0.367,120.891426,0.83,0.03059891,0.1567658
2018,24,3.90762624,17.16621,10.111096,33.904845,2.7127984,1.0638975,0.239,120.841866,0.765,0.03081683,0.1754361
2019,24,1.90583496,17.014233,8.669603,33.995085,1.0173488,0.7067286,0.171,109.689514,0.716,0.0331631,0.1402125
2020,24,-6.24932633,15.431959,10.542768,45.046972,-0.85798955,-0.84593713,0.162,97.80074,1.099,0.03329216,0.1171649
2021,24,1.43703031,14.691723,9.044496,52.735438,3.040253,1.2303954,0.077,117.252945,1.215,0.02992229,0.2086191
2022,24,2.62640015,14.641651,9.211554,53.530485,2.3917985,-1.6106803,-0.055,132.85872,0.94,0.02893318,0.2274924
2023,24,2.29574176,14.186298,9.934049,54.173707,2.001834,8.478052,-0.037,128.82411,0.733,0.02921986,0.3053878
2000,25,-3.23018836,24.42371,81.618454,66.490342,2.5069826,1.8626059,2.492,48.808002,4.162,0.00141854,-1.3577285
2001,25,-1.65229608,25.73136,80.528625,68.489939,3.468722,3.9195914,2.48,51.394154,4.108,0.00134353,-1.3577285
2002,25,1.28656075,30.70003,79.71883,54.835267,2.398404,3.0598185,2.474,51.609566,4.087,0.00159873,-1.6490728
2003,25,4.09090361,27.75643,78.0413,49.97781,1.5319229,-0.9300009,2.515,55.38998,3.957,0.00192543,-1.6557618
2004,25,-3.36373307,21.83069,75.160484,48.703817,2.5055974,0.39307868,2.363,57.871094,3.992,0.00207651,-1.5516729
2005,25,-6.98809239,17.67808,74.84999,63.082629,2.9797103,6.782929,2.565,61.45428,4.149,0.00179844,-1.7107333
2006,25,-0.23438161,17.28665,73.64611,67.74437,2.7521615,2.2289777,3.127,61.61286,4.229,0.00200775,-1.5805805
2007,25,-4.24863179,18.15452,67.00376,70.50386,1.6597718,0.9456733,3.191,61.77407,3.822,0.0022442,-1.5533698
2008,25,0.74610668,19.24566,66.346054,67.30935,1.1114669,8.694828,3.235,62.307667,3.279,0.00212163,-1.5008022
2009,25,2.10306444,19.37198,65.38479,57.648933,0.98063517,3.7136059,3.224,62.21042,2.847,0.00219618,-1.4472257
2010,25,2.59389116,19.61576,62.27001,33.454207,2.6349328,1.4459451,3.036,66.797485,2.379,0.00203702,-1.3557662
2011,25,2.97777712,16.90379,62.14701,33.808906,13.438803,3.5635147,2.423,77.732315,1.982,0.00197254,-1.3539094
2012,25,3.85614643,17.68043,59.24896,34.341654,2.2445855,2.5771818,2.236,75.71321,2.029,0.00201141,-1.2258191
2013,25,3.56529837,15.49768,57.869534,41.071022,3.0489454,1.8253947,2.081,82.14779,2.084,0.00210242,-1.2580077
2014,25,3.51991609,15.63268,57.304806,44.930257,0.84495044,0.19087508,1.962,70.91565,2.141,0.00185088,-1.0881788
2015,25,3.47161388,16.21164,66.96256,52.382236,4.48027,2.5850039,1.862,69.128136,2.204,0.00165971,-1.0884773
2016,25,2.3424209,15.99131,63.40189,59.909399,-0.76275826,1.2854484,1.765,66.44504,2.968,0.00160697,-0.9579705
2017,25,2.25415669,23.14004,61.46566,57.105557,1.386454,-0.98188984,1.637,58.20886,3.744,0.00182832,-0.9832841
2018,25,2.91487975,21.76909,64.66404,58.023923,-2.574579,0.9277554,1.981,57.57374,2.9,0.00174554,-0.940524
2019,25,2.69276788,19.234783,66.20978,54.933397,4.9437246,0.67465276,2.306,56.342175,2.036,0.00171261,-0.8320045
2020,25,-0.04641364,18.143454,64.325134,62.211094,-0.79089725,1.6992847,2.062,55.065952,2.231,0.0018707,-0.8829002
2021,25,3.17336186,17.453424,69.0046,64.863398,-1.5947881,4.186215,1.709,56.37756,2.344,0.00172664,-0.8770126
2022,25,4.54969715,14.47582,64.16651,67.407511,-2.0042982,7.9675736,1.602,61.575092,1.965,0.00162602,-0.9684392
2023,25,4.19303539,14.823605,64.34122,67.960052,0.81229615,5.4892855,2.204,62.10674339,1.942,0.00168456,-0.9176855
